{"cameraMode":{"drawMode":0,"name":"Shaded","section":"Shading Mode"},"sceneLighting":true,"audioPlay":false,"sceneViewState":{"m_AlwaysRefresh":false,"showFog":true,"showSkybox":true,"showFlares":true,"showImageEffects":true,"showParticleSystems":true,"showVisualEffectGraphs":true,"m_FxEnabled":true},"in2DMode":false,"pivot":{"x":342.46356201171877,"y":198.94105529785157,"z":448.6923828125},"rotation":{"x":-0.009309484623372555,"y":-0.0009032292873598635,"z":0.000008313675607496407,"w":-0.9999555349349976},"size":453.06097412109377,"orthographic":false}